Wines,Fruits,Fish,Sweets,Gold,NumDealsPurchases
11,1,2,1,6,2
11,4,10,3,5,2
520,42,0,42,14,2
635,88,172,88,88,3
426,49,111,21,42,1
520,42,0,42,14,2
235,65,50,49,27,4
76,10,3,1,23,2
14,0,3,3,2,1
28,0,1,1,13,1
6,16,11,1,16,1
194,61,225,112,30,1
233,2,3,5,14,3
3,14,6,1,5,1
1006,22,59,68,45,1
53,5,2,13,4,3
84,5,150,12,28,2
1012,80,0,16,176,2
4,17,30,24,39,2
86,2,69,38,48,1
1,1,1,1,1,15
867,0,0,0,19,3
384,0,21,32,5,3
270,3,39,6,99,7
6,4,15,12,13,2
173,4,3,6,41,4
36,2,20,21,10,2
684,100,21,66,0,1
8,4,2,2,4,2
112,17,34,22,89,1
110,0,2,0,3,2
96,12,33,22,43,6
482,34,119,68,22,1
40,0,2,1,3,1
702,17,0,8,35,5
6,3,15,7,36,3
55,0,2,0,4,2
437,8,160,49,42,2
421,76,82,178,102,2
13,1,3,0,7,2
9,0,3,1,3,1
3,1,3,2,12,3
123,164,227,30,174,1
3,18,15,22,50,3
13,6,3,5,13,1
826,50,50,38,38,9
245,19,37,67,14,1
650,37,27,167,32,1
12,6,30,1,3,2
510,120,156,40,241,1
328,9,12,24,109,7
984,51,180,120,190,1
295,35,121,120,40,1
13,0,2,1,5,1
447,0,0,0,43,3
712,26,69,13,80,1
452,18,16,18,6,4
523,7,37,14,169,4
546,0,0,6,6,1
398,40,119,122,30,1
1,3,3,6,15,1
10,0,0,0,0,1
688,14,201,24,38,1
247,49,7,82,109,1
856,59,58,29,73,7
496,36,189,60,12,3
258,107,84,37,86,4
565,6,0,6,19,5
14,10,4,15,9,1
2,1,2,1,1,1
721,111,97,18,18,1
1032,105,137,105,51,0
1,0,0,3,9,1
577,0,0,0,51,2
64,4,7,5,17,4
4,1,2,0,4,1
25,5,7,0,23,3
112,17,34,22,89,1
163,23,27,65,76,1
17,8,10,4,3,2
130,0,0,0,5,5
292,6,0,3,34,4
350,60,110,133,145,1
135,9,4,0,7,1
15,2,0,1,4,1
27,2,0,0,0,3
5,3,12,5,9,1
505,0,0,0,75,5
51,2,0,1,2,2
207,26,75,0,223,1
135,46,65,61,11,2
53,1,2,1,10,2
41,1,2,0,5,2
386,172,185,132,111,2
562,81,80,40,81,1
217,76,50,26,38,1
1,3,10,0,9,1
144,1,2,1,7,4
295,106,75,98,65,4
76,3,4,4,27,2
454,194,31,22,43,1
425,115,23,35,79,1
1332,17,23,51,86,1
527,0,0,0,60,3
490,44,29,20,22,1
378,0,0,0,72,5
64,1,0,1,27,2
547,99,151,82,33,0
47,90,123,103,120,5
12,5,0,9,30,2
1,6,11,5,3,2
320,48,39,72,48,4
34,3,0,4,10,3
9,0,3,4,7,2
17,0,7,3,2,1
722,27,44,72,168,0
162,33,40,28,172,2
450,133,173,0,216,1
70,0,0,0,4,2
492,19,16,12,12,4
120,58,65,89,58,5
534,5,0,5,41,5
236,106,23,41,130,1
220,0,3,0,23,5
796,14,38,44,0,1
0,1,10,6,9,2
53,1,2,0,16,3
15,0,4,2,20,2
17,1,3,1,4,2
962,61,52,61,20,1
738,0,13,20,50,2
399,28,36,40,126,1
614,16,43,33,33,3
32,34,73,16,116,3
598,16,32,41,49,3
2,1,20,11,16,1
6,1,0,1,4,1
73,3,12,1,32,7
42,16,12,20,8,1
295,21,39,13,13,1
346,17,23,13,13,4
233,20,8,20,91,4
5,7,19,14,20,4
888,0,0,0,76,2
997,26,34,13,42,1
212,6,4,12,3,3
8,1,2,0,0,1
42,11,10,28,14,1
536,11,149,91,57,1
5,0,0,0,5,1
1349,16,43,16,33,2
53,3,7,4,5,4
1001,12,16,12,12,1
20,2,1,2,1,15
18,1,6,3,28,3
125,16,134,21,27,1
212,5,7,0,2,1
277,162,173,76,124,1
15,10,8,17,20,3
7,3,8,1,7,2
12,4,11,8,16,2
85,7,2,3,27,1
81,0,0,0,6,2
59,0,0,0,48,1
1149,71,69,71,26,1
847,66,86,89,111,1
29,0,0,0,2,2
2,0,2,0,1,1
207,26,75,0,223,1
152,3,2,5,7,1
12,11,3,12,9,3
620,26,34,17,141,1
47,1,0,0,12,1
1,9,2,14,10,1
10,1,10,4,7,1
35,0,0,0,2,2
356,0,19,9,117,2
783,30,140,76,15,1
42,1,3,0,4,2
1,4,29,0,36,1
466,22,147,113,102,1
23,3,3,19,22,2
235,6,8,9,12,4
10,0,3,1,7,2
656,16,32,16,8,1
519,17,27,173,51,1
344,189,50,33,172,1
96,1,7,1,79,6
448,4,6,4,39,3
265,138,224,23,92,1
587,43,42,87,54,3
763,29,76,176,58,0
22,0,0,0,3,2
6,4,7,2,15,1
7,6,7,6,14,1
81,18,47,13,21,6
54,0,0,0,4,1
1170,48,42,32,192,5
72,24,65,4,8,5
613,22,33,102,12,1
224,0,0,0,10,8
410,0,19,9,44,10
239,10,254,87,54,1
171,7,25,19,89,6
12,0,0,0,1,1
1076,16,42,48,16,1
182,4,0,0,66,2
824,32,42,32,43,2
30,11,29,1,18,1
377,10,80,30,10,1
520,7,19,0,14,2
155,1,0,1,3,4
897,23,15,11,92,5
131,0,2,1,39,4
297,7,0,11,182,2
787,20,0,0,92,3
792,86,67,51,17,1
4,1,3,0,0,1
231,7,4,15,39,9
983,76,180,138,27,1
3,1,4,3,3,1
0,4,6,0,4,1
562,21,28,10,32,3
5,9,6,8,21,2
18,0,0,0,1,1
415,5,15,35,11,1
5,3,12,7,20,4
901,61,186,163,20,1
382,114,75,124,38,2
14,1,2,1,1,1
559,153,218,13,181,1
789,0,0,28,152,7
11,0,0,0,1,2
1218,16,104,0,80,2
925,64,133,12,77,2
864,134,150,38,172,1
960,28,220,70,70,4
16,3,6,1,13,2
3,3,0,2,11,2
168,148,32,172,148,1
45,47,21,20,25,2
650,28,45,42,30,5
24,0,0,0,1,2
918,21,13,10,21,3
138,33,28,24,12,4
12,4,10,6,10,4
11,0,0,0,2,1
1,2,4,3,13,2
554,41,11,0,24,3
167,2,24,13,7,4
9,0,4,1,5,1
177,2,3,2,20,6
38,4,4,2,20,4
483,84,205,84,241,1
77,2,0,1,69,4
182,74,162,149,116,1
10,7,8,2,21,2
778,44,95,73,146,2
16,7,0,8,6,3
167,0,6,2,13,2
13,2,8,7,4,4
33,6,3,7,10,3
625,7,10,22,7,2
216,162,101,92,162,2
68,129,188,22,15,1
196,0,33,130,54,1
635,15,20,7,131,1
4,19,28,25,17,3
297,7,0,11,182,2
84,5,150,12,28,2
204,7,20,15,66,1
26,0,0,0,3,2
15,6,4,5,20,1
304,98,150,74,74,1
285,28,55,114,135,13
395,183,166,141,28,1
248,3,4,3,51,3
20,6,0,9,12,1
39,0,20,8,14,3
777,129,216,21,203,1
8,3,21,1,13,3
9,1,0,4,8,1
1241,0,0,13,40,3
6,4,4,3,8,1
65,4,0,4,11,1
395,15,60,54,38,1
801,0,0,0,35,5
36,0,2,2,10,4
513,14,19,0,28,1
37,0,4,3,0,1
80,15,20,13,52,3
14,1,2,3,25,3
525,147,219,147,63,1
1,26,17,23,15,1
675,11,15,45,11,1
509,0,0,0,10,1
154,2,20,4,15,1
3,5,2,12,17,4
25,0,2,0,2,2
768,44,77,44,14,1
185,0,3,2,17,6
24,0,0,0,1,2
44,4,6,0,27,2
91,64,65,3,50,2
11,0,3,1,6,2
412,5,38,29,77,3
3,3,6,2,9,1
16,0,0,0,1,1
731,60,78,12,73,5
424,17,7,23,41,6
792,0,45,45,126,1
21,2,3,2,9,3
22,1,0,1,2,1
33,0,0,0,0,1
68,7,10,5,11,4
9,1,3,0,4,1
40,2,8,0,6,1
909,11,0,0,23,2
23,1,2,2,18,1
11,2,3,0,8,2
317,46,151,46,139,1
797,153,72,97,30,1
10,2,11,2,21,1
856,61,40,25,122,1
456,19,75,118,38,1
37,32,11,3,18,1
1103,0,0,0,34,3
378,14,19,14,14,2
1,6,0,1,3,1
204,34,172,153,173,1
30,0,0,0,3,2
189,104,111,189,218,1
15,0,7,3,7,3
9,0,0,0,4,1
495,33,11,33,8,4
656,80,52,107,93,2
452,20,13,30,0,3
546,91,119,0,22,1
1048,0,0,0,12,5
22,2,0,1,10,2
78,0,0,0,10,1
561,64,84,128,48,1
629,17,69,0,8,1
269,15,15,19,38,2
736,163,212,163,61,1
512,0,0,0,41,3
19,3,11,8,6,3
9,0,4,1,5,1
247,8,6,8,65,7
404,0,28,27,142,2
333,0,129,42,29,1
2,3,6,11,9,2
833,33,151,133,233,1
789,0,12,9,38,2
10,4,0,6,3,1
159,4,6,2,38,6
7,1,3,1,11,1
977,12,16,12,101,4
38,4,3,3,3,3
57,0,0,0,36,4
3,9,13,2,39,1
10,4,4,4,1,1
1043,24,32,24,157,2
3,9,2,12,12,1
11,0,0,0,1,1
3,6,0,2,6,1
43,12,78,40,55,3
73,3,12,1,32,7
12,0,0,0,6,1
4,7,6,4,13,3
314,11,4,3,107,3
571,50,33,50,159,4
70,0,2,8,23,1
866,21,28,21,86,3
594,134,33,134,57,0
140,4,0,13,4,2
375,152,93,91,81,1
102,9,2,9,24,1
554,35,0,7,78,3
919,0,99,30,45,1
96,1,12,3,32,4
5,2,3,2,19,2
2,0,8,6,5,1
6,4,6,36,35,4
23,1,0,8,7,4
610,105,137,42,21,1
67,5,3,8,19,5
65,36,38,20,110,1
416,0,0,0,4,9
23,0,3,2,2,1
19,3,10,9,3,3
155,7,13,7,10,3
14,0,3,3,2,1
370,9,6,9,4,3
4,22,3,7,32,2
407,53,58,150,26,4
1200,0,38,29,14,3
85,44,102,78,6,3
583,34,0,22,125,2
483,0,156,0,12,1
2,5,28,6,28,3
966,26,52,26,26,1
822,114,179,137,114,1
604,0,19,0,28,9
19,3,3,1,3,2
5,3,12,5,9,1
2,2,2,1,1,1
1076,68,29,91,68,1
1285,42,55,0,21,0
10,0,2,0,1,1
551,137,179,103,33,1
800,0,0,34,57,2
2,2,10,6,12,2
378,0,97,172,172,2
1248,16,43,16,16,1
235,0,19,4,191,5
515,47,149,95,95,15
438,66,12,38,114,1
25,0,2,3,5,2
31,0,2,0,6,1
357,35,28,28,14,3
400,4,6,0,22,2
99,0,2,1,5,3
1,11,4,6,9,2
5,4,8,0,4,1
77,28,16,0,4,2
3,1,4,3,1,1
10,4,4,4,1,1
0,6,7,6,12,1
0,0,2,12,5,1
76,14,13,5,10,2
398,190,61,156,37,1
14,7,11,0,5,2
208,7,30,66,35,2
430,16,43,24,33,5
656,38,62,47,37,3
14,2,8,2,3,1
141,70,72,19,23,2
507,19,25,47,9,3
164,24,12,3,42,7
606,24,197,194,64,1
116,11,3,17,46,4
143,15,24,23,5,2
398,96,220,96,32,1
522,0,32,16,66,4
161,0,199,191,122,1
112,0,2,1,14,2
483,84,205,84,241,1
7,5,17,15,37,2
789,25,16,38,0,1
1239,17,23,34,17,1
4,1,2,0,3,1
335,42,28,5,5,3
639,8,11,8,58,3
563,76,84,192,89,4
2,0,2,2,3,1
746,8,11,8,8,7
22,1,4,0,4,2
4,1,4,1,9,1
478,0,110,75,117,4
20,3,2,0,2,2
451,0,0,4,24,1
371,22,6,0,92,4
281,7,15,0,119,7
19,7,0,1,24,1
26,3,2,10,0,1
138,15,25,11,72,2
213,2,0,2,5,4
407,28,120,74,18,1
483,74,169,37,18,1
738,0,13,20,50,2
502,12,16,6,90,2
11,0,2,1,1,1
24,1,29,29,14,1
1170,19,99,76,134,2
185,2,15,5,14,2
983,20,240,50,40,1
691,0,10,0,130,4
504,13,8,0,26,1
317,25,25,19,12,3
29,1,2,0,2,1
1396,0,46,35,17,1
529,0,63,28,0,3
388,14,91,14,21,1
13,2,4,0,24,2
28,0,0,0,0,1
16,36,20,62,108,1
1047,0,67,38,153,2
31,0,2,0,6,1
815,10,28,10,108,2
225,162,106,36,29,1
493,70,146,40,84,1
34,4,3,10,20,1
382,138,60,26,59,6
127,1,0,1,31,3
325,83,86,58,91,1
238,17,8,10,6,3
1168,92,72,129,55,1
284,0,0,6,52,4
1288,20,80,61,27,1
65,0,4,3,20,4
11,7,3,1,11,1
227,23,42,21,75,1
1035,134,25,38,0,1
27,1,2,0,10,2
982,73,56,14,175,1
179,2,38,17,58,1
1379,33,0,33,66,1
32,1,16,12,85,3
8,4,7,6,2,1
881,38,16,25,12,1
141,15,67,31,35,1
1000,155,224,17,120,1
206,10,30,27,71,6
162,61,97,57,61,4
619,54,127,54,54,1
456,4,0,0,9,7
112,6,3,9,38,2
11,3,2,2,6,2
172,12,8,0,15,4
78,0,0,0,7,1
464,151,65,60,30,1
99,4,37,54,6,2
19,3,4,5,26,3
1,9,11,3,22,3
63,10,7,19,19,2
252,3,4,3,102,2
1478,19,0,19,0,1
198,18,32,108,54,2
8,4,6,7,6,2
416,46,60,107,46,1
42,7,20,12,10,1
14,3,2,1,28,4
17,0,0,0,1,2
15,4,3,4,18,2
6,16,11,0,34,2
458,0,6,4,34,2
30,3,19,21,42,1
179,28,111,123,47,1
90,17,15,6,15,6
308,85,102,45,118,2
557,129,29,185,111,1
7,4,15,8,17,2
1492,38,50,57,33,1
30,8,8,8,12,1
249,153,58,134,38,0
465,25,136,0,37,2
129,129,168,121,83,5
174,18,28,6,24,3
189,2,3,2,40,2
747,10,65,40,42,4
6,0,2,0,1,1
14,0,0,0,4,1
12,0,0,0,1,1
98,0,49,10,106,5
32,0,0,0,1,2
51,12,17,24,24,3
200,5,0,10,20,1
25,6,6,0,0,2
1050,12,0,0,24,3
117,0,13,0,30,3
9,4,10,2,7,4
56,0,0,0,8,2
145,13,17,2,4,6
203,0,0,0,2,5
270,3,39,6,99,7
9,0,6,6,10,1
37,12,8,11,52,1
46,0,0,0,2,2
31,1,7,2,9,4
1060,21,32,0,224,1
264,47,54,47,11,2
399,4,6,4,30,3
8,9,2,5,22,1
19,0,6,4,17,2
817,183,106,163,20,0
292,127,132,127,165,1
12,6,11,2,16,1
130,30,20,34,0,1
6,4,3,10,30,3
16,12,7,1,13,1
19,0,0,0,2,2
4,7,13,9,15,3
31,3,2,8,4,3
36,0,0,0,4,1
526,28,10,21,99,3
400,32,71,75,54,1
410,16,0,5,49,3
80,3,4,2,14,4
88,10,2,3,64,4
55,0,2,0,4,2
5,1,3,5,1,1
8,4,15,2,11,2
410,0,147,22,22,1
101,13,20,18,40,2
162,25,16,0,10,1
2,8,4,7,15,1
25,0,2,0,2,2
389,91,64,49,41,3
215,13,17,17,24,5
27,0,0,0,3,2
85,1,2,1,2,0
5,6,6,5,10,1
179,8,19,11,26,5
352,0,10,0,15,3
17,8,11,15,32,1
625,35,58,17,35,1
10,6,0,4,2,1
390,22,104,35,107,1
10,2,2,1,6,2
215,63,231,31,190,1
1001,17,93,125,17,7
19,18,24,1,8,3
41,5,10,3,3,3
1181,107,39,30,30,2
603,45,36,18,54,1
129,129,168,121,83,5
10,24,13,1,30,1
514,22,42,198,79,1
14,0,0,0,1,1
387,20,38,54,163,1
121,103,8,44,48,1
965,69,54,41,69,5
707,21,85,43,73,2
571,50,33,50,159,4
586,66,17,0,26,1
1063,89,16,12,25,4
305,3,4,3,144,2
1200,105,0,42,147,1
163,2,8,11,11,7
1009,181,202,21,207,0
125,6,8,4,19,1
721,0,119,50,50,3
315,4,41,31,146,2
1000,19,125,115,38,0
16,0,6,3,6,2
757,80,29,80,11,5
30,2,0,1,9,1
219,3,26,0,17,2
1,1,1,1,1,0
111,3,2,6,15,2
45,47,21,20,25,2
410,112,0,82,71,1
100,1,6,1,76,4
509,0,7,11,5,4
3,6,0,2,6,1
445,53,104,98,151,1
2,2,41,7,11,1
4,1,6,2,2,1
6,1,23,4,19,1
14,0,0,0,3,1
1,10,19,3,15,2
26,0,0,0,2,1
111,16,7,9,18,3
418,61,80,51,10,3
327,9,19,14,83,5
371,159,58,106,141,4
275,59,69,101,59,2
789,0,12,9,38,2
1,1,0,3,1,1
1004,12,32,12,36,3
187,81,25,43,91,1
56,4,17,1,18,4
365,32,34,110,6,1
595,23,10,23,154,2
1132,134,175,134,115,1
34,11,179,61,45,1
116,6,6,6,41,2
565,32,28,32,54,1
372,18,47,48,78,2
899,102,133,102,40,1
55,16,17,3,4,15
760,40,0,40,26,1
260,86,63,9,67,1
459,0,6,0,4,6
466,0,119,49,99,1
67,15,17,11,80,3
2,0,3,7,10,1
67,1,0,2,31,3
92,4,3,3,6,1
4,2,2,0,4,1
20,1,3,3,2,3
273,11,62,83,29,2
434,22,104,22,34,1
321,11,33,26,34,3
212,123,15,64,23,2
909,12,0,12,242,3
1184,32,21,16,16,1
112,19,16,14,5,3
656,80,52,107,93,2
23,0,6,2,18,1
537,6,16,6,30,2
712,0,0,0,191,3
23,1,2,2,18,1
1,3,2,2,6,1
664,58,32,0,66,4
6,10,19,14,42,2
299,5,21,21,49,3
99,13,43,8,4,3
749,40,121,160,147,1
345,25,63,138,80,1
9,4,7,5,5,2
440,81,0,122,174,6
8,2,3,0,3,1
670,9,0,28,9,2
524,0,28,28,155,1
6,0,2,1,1,2
597,166,172,166,249,1
7,0,13,7,32,5
54,0,0,0,4,1
445,25,80,76,48,1
294,142,164,58,151,1
292,3,10,3,26,7
412,22,59,28,183,1
8,0,0,0,0,1
349,4,6,0,43,8
328,9,12,24,109,7
144,2,7,2,30,5
1126,28,37,28,42,3
967,0,43,50,0,1
432,79,177,136,170,2
138,39,55,18,21,1
0,0,7,4,6,1
509,133,78,24,97,2
948,10,13,21,21,4
39,2,4,3,24,2
28,1,3,0,10,3
13,11,13,8,40,2
307,26,138,31,40,1
901,31,75,31,191,1
2,5,4,8,7,3
283,17,138,106,44,1
4,3,0,3,11,1
769,80,15,34,65,1
518,42,55,56,84,1
350,8,17,4,4,2
445,53,104,98,151,1
778,178,41,27,44,1
709,93,104,80,80,1
359,35,93,116,89,1
799,12,16,12,12,5
895,10,13,0,152,5
40,2,0,4,23,2
76,0,0,0,16,1
11,5,12,5,11,2
245,16,21,43,16,2
647,107,175,67,40,1
39,1,2,1,34,1
203,35,46,17,227,1
138,3,4,0,59,3
587,51,247,0,86,1
595,97,127,133,121,1
43,12,29,15,61,1
301,7,10,0,58,4
180,32,76,32,90,2
794,115,150,0,205,1
392,5,28,26,112,8
39,1,3,4,12,3
107,2,2,2,12,0
13,0,0,0,0,1
70,0,0,0,6,2
680,11,75,0,0,1
26,1,0,1,4,2
522,0,227,120,134,2
412,12,78,182,0,1
6,5,8,0,5,2
2,3,4,1,9,1
1,3,2,5,5,1
6,2,6,6,3,1
4,12,3,16,17,2
18,2,0,2,6,5
324,48,39,18,198,6
327,9,25,4,139,6
229,27,13,3,34,4
521,168,80,76,61,1
184,23,30,23,23,1
4,8,12,2,13,1
183,2,7,2,12,4
31,19,26,14,52,2
219,3,12,9,12,1
479,28,75,14,35,3
584,44,46,8,177,3
627,91,159,91,15,1
24,1,12,2,5,3
330,5,36,27,16,4
19,1,2,1,8,1
28,23,29,14,47,3
606,148,15,148,22,1
1039,43,153,58,29,3
411,0,0,0,21,6
34,1,2,7,0,1
161,28,32,3,45,4
623,53,23,17,133,7
604,26,123,161,94,2
3,10,3,16,32,1
12,2,6,1,10,2
184,174,50,30,32,1
393,0,90,69,69,6
410,73,76,161,30,0
376,9,19,4,4,2
7,2,2,1,4,1
68,0,51,157,68,3
642,14,0,7,57,1
8,7,13,6,12,2
840,53,23,71,17,1
7,10,3,11,11,2
464,5,7,0,37,1
30,3,19,21,42,1
1492,38,50,57,33,1
752,122,39,153,34,1
1279,15,20,0,15,3
22,1,2,1,2,2
860,28,73,56,56,1
3,0,13,0,1,1
10,5,11,1,8,1
351,16,7,5,145,1
421,5,0,16,10,3
2,5,0,18,18,2
25,1,2,1,1,2
336,123,46,123,141,5
191,9,0,6,82,2
563,50,28,31,187,1
31,0,0,1,8,1
479,5,7,17,171,2
18,6,12,8,17,3
91,65,10,44,28,3
5,7,19,14,20,4
2,14,16,3,7,4
362,50,134,35,54,1
724,74,97,55,130,1
605,91,0,45,205,2
547,7,0,7,63,3
104,1,13,9,14,2
8,2,0,10,18,4
224,2,7,0,110,2
384,0,21,32,5,3
556,54,202,133,63,1
24,0,0,0,9,2
408,0,0,0,17,3
265,199,234,9,170,7
34,0,0,0,0,1
374,64,84,25,64,3
27,2,0,0,1,2
600,20,29,30,33,1
13,2,6,1,0,2
167,2,0,0,34,6
0,2,4,1,5,1
46,35,84,41,66,6
88,39,58,13,93,2
243,11,10,3,15,3
275,11,25,7,7,3
6,0,0,0,0,1
121,62,68,20,125,3
4,12,19,7,12,2
1308,0,23,0,0,1
515,47,62,66,38,2
4,0,17,4,4,3
48,13,24,15,25,4
562,58,43,16,142,1
769,22,210,143,33,1
379,4,12,9,98,7
29,12,19,1,36,2
387,68,89,45,68,1
12,23,30,18,7,4
6,10,3,15,40,3
27,1,4,1,21,2
9,1,0,0,1,1
22,0,6,5,3,2
899,102,133,102,40,1
889,55,168,92,129,1
189,2,0,5,12,4
48,0,0,0,5,2
230,14,82,24,58,8
852,60,78,36,48,2
35,3,4,1,20,2
205,20,23,2,56,6
255,31,40,56,175,1
0,0,8,3,2,1
437,8,160,49,42,2
825,8,11,0,242,2
316,58,76,51,135,1
756,138,160,169,61,2
194,55,15,0,3,3
7,17,6,10,26,4
183,33,59,103,57,1
171,0,0,1,20,2
243,101,29,40,40,1
181,21,39,3,96,1
151,7,0,7,28,5
494,92,194,11,241,1
464,28,29,18,37,0
5,1,10,0,7,1
29,0,0,5,4,1
102,9,24,3,12,1
604,28,91,28,28,1
571,12,63,60,24,1
953,0,0,0,174,6
63,3,8,9,28,2
770,29,250,27,24,1
398,61,138,61,53,1
741,19,50,9,28,1
1478,19,0,19,0,1
156,29,30,32,47,2
960,64,146,0,16,1
38,0,0,0,6,1
315,26,220,12,182,1
15,20,2,7,26,1
19,6,0,5,12,3
812,99,237,149,33,1
73,28,10,24,115,3
372,23,250,12,108,1
871,111,145,55,166,1
375,152,93,91,81,1
760,80,17,13,80,1
471,0,99,21,12,1
31,9,16,9,33,1
819,0,12,0,63,2
1,4,8,9,7,1
203,35,46,17,227,1
26,0,2,1,2,2
354,21,167,75,32,1
1253,0,23,71,35,3
371,17,23,24,106,3
588,7,110,15,15,2
480,86,75,86,144,8
517,12,16,6,120,2
267,98,48,70,98,1
1111,24,160,45,172,0
7,7,7,16,15,3
1166,0,0,0,36,1
261,42,55,48,133,3
135,25,23,25,46,2
6,2,2,8,14,1
711,28,49,18,47,2
11,0,2,4,11,1
42,0,0,0,18,3
79,7,6,3,18,4
20,6,19,5,38,1
30,0,2,0,14,1
20,2,3,1,4,5
115,27,4,146,139,3
263,5,69,41,83,4
69,2,2,2,6,2
267,3,4,0,57,4
561,85,25,123,114,2
492,0,7,0,42,3
14,7,6,16,12,2
80,4,0,17,2,5
97,12,13,10,15,7
197,107,7,59,131,3
693,21,31,24,84,1
43,2,0,9,12,3
14,0,0,0,7,1
186,36,86,72,48,6
434,137,45,137,45,1
59,0,4,2,5,4
16,5,8,7,26,3
230,35,63,57,31,3
829,138,60,92,15,1
318,8,150,35,8,1
1206,55,168,18,18,1
292,3,10,3,26,7
30,9,2,11,30,3
729,17,11,0,195,5
12,1,0,0,7,1
2,1,1,0,1,0
22,3,0,0,11,1
587,43,42,87,54,3
674,168,192,42,231,1
284,3,4,7,23,2
1023,93,49,55,37,1
1394,22,89,91,182,1
311,26,180,37,121,1
27,0,0,1,5,2
1296,17,45,69,51,1
3,6,0,0,3,1
393,5,7,5,27,5
218,63,137,35,70,4
66,0,0,6,20,2
4,2,2,0,4,1
795,0,95,58,0,1
15,10,8,17,20,3
384,25,130,41,64,3
244,8,7,2,50,4
158,19,25,0,38,1
1285,21,106,20,20,1
349,16,28,5,182,5
4,12,3,13,15,2
223,2,0,2,39,5
157,43,68,56,37,6
397,46,20,38,70,2
901,31,75,31,191,1
14,3,2,1,28,4
10,0,0,0,4,1
1230,0,232,178,158,1
81,1,2,1,0,1
154,20,0,12,27,7
63,0,7,0,12,1
30,0,0,0,3,3
90,67,30,43,11,1
635,114,132,152,76,1
127,4,15,6,11,1
13,3,6,5,6,1
18,42,15,20,18,1
45,2,4,1,1,3
38,1,0,0,0,1
986,36,16,0,108,7
61,0,0,0,7,1
4,9,17,0,12,2
201,53,116,77,83,3
19,8,0,12,26,1
4,8,19,12,26,2
18,0,0,0,2,1
806,80,120,11,33,5
380,98,110,112,28,1
576,172,125,115,19,1
458,81,106,50,40,1
5,10,3,8,16,1
350,60,110,133,145,1
39,33,41,26,44,2
26,1,2,2,15,4
68,0,0,0,8,3
45,3,4,4,7,1
359,0,13,26,123,4
403,24,6,24,218,2
34,1,0,0,5,3
73,18,7,12,2,15
292,30,63,33,200,1
14,0,0,0,6,1
80,1,0,1,3,3
30,11,13,6,29,1
463,96,168,53,10,1
75,12,43,39,187,6
538,13,17,6,26,6
635,114,132,152,76,1
8,0,0,0,1,1
1315,22,145,0,178,1
4,2,7,5,26,2
12,0,2,0,10,1
347,44,17,0,26,1
192,5,0,5,15,4
241,0,0,0,25,1
631,28,30,14,56,1
336,28,184,54,54,1
1099,0,0,0,34,11
743,19,12,0,200,2
124,83,85,59,35,2
15,0,4,2,20,2
397,19,12,0,9,1
10,4,3,3,14,3
530,117,134,44,147,1
1215,33,64,116,149,8
3,2,0,4,2,1
444,44,11,8,17,1
26,0,2,1,2,2
736,114,82,76,190,6
473,21,19,21,56,3
32,0,2,0,8,2
288,10,4,10,125,1
1050,178,77,138,118,1
1001,44,58,44,44,1
9,1,0,3,2,2
234,14,19,10,42,2
7,2,2,0,3,1
251,108,65,92,117,1
172,10,21,13,16,6
565,42,64,83,99,1
5,0,2,0,0,1
918,57,99,38,133,1
652,8,21,0,142,4
4,1,2,1,2,2
152,27,106,54,81,0
8,0,2,1,3,1
336,130,240,32,43,1
938,19,25,95,38,1
68,8,19,8,12,2
227,23,42,21,75,1
38,4,3,3,3,3
105,0,2,1,4,3
162,50,55,30,27,1
574,8,21,16,33,1
160,80,67,39,41,1
6,0,0,0,1,1
614,35,58,35,35,2
897,161,186,161,27,0
70,54,80,9,45,2
120,19,25,19,54,6
211,2,7,7,10,2
11,0,7,6,21,1
760,53,17,93,0,1
53,0,0,0,2,1
7,4,15,8,17,2
391,32,21,32,16,2
199,9,20,21,6,7
516,56,86,33,16,1
709,45,30,160,45,1
12,0,0,0,0,1
1000,19,125,115,38,0
19,3,3,1,0,3
1224,28,0,14,168,3
16,2,3,0,24,1
88,39,64,28,153,1
2,23,8,6,46,1
508,11,23,5,29,5
381,28,84,28,21,2
74,0,2,1,6,2
146,0,7,13,73,5
23,17,43,20,9,1
110,5,26,23,29,2
165,3,4,24,41,7
957,47,82,47,95,4
41,0,3,1,16,2
1,3,2,3,11,1
176,29,0,33,112,1
815,8,11,0,70,4
6,1,2,0,4,1
8,4,6,3,16,1
717,42,219,30,84,2
1067,138,0,19,39,1
166,5,11,8,29,2
29,4,2,4,4,3
714,76,116,0,12,1
8,4,2,2,4,2
229,5,3,2,20,2
320,48,39,72,48,4
23,0,7,15,3,1
1,5,4,8,20,2
56,0,0,0,18,2
508,124,50,38,134,1
29,0,2,2,3,4
46,7,2,4,27,2
454,0,8,19,32,12
350,3,0,0,19,2
10,0,0,0,9,1
735,40,52,20,30,2
897,126,91,112,37,3
5,2,3,0,5,1
777,35,39,137,114,1
162,6,6,13,13,2
35,0,0,0,2,4
342,9,19,14,19,10
258,105,237,172,9,1
658,80,123,13,13,1
356,80,138,17,106,2
213,5,7,7,41,1
454,0,8,19,32,12
457,4,0,0,9,1
241,45,34,26,54,1
210,0,0,0,2,2
441,35,7,29,11,4
19,13,10,7,8,1
28,9,12,7,13,3
476,75,29,151,97,1
364,40,158,60,50,1
0,0,3,3,8,1
0,6,7,6,12,1
863,83,86,99,33,1
349,7,0,0,47,3
5,23,0,18,14,2
184,2,8,8,4,3
8,0,0,0,2,1
277,21,62,21,25,2
44,5,0,4,19,3
1156,120,94,144,96,1
373,14,6,9,19,3
134,8,6,0,11,1
1148,0,0,0,24,3
6,12,21,6,40,5
4,1,0,0,1,1
5,4,2,0,5,1
24,2,2,2,10,2
899,0,0,0,20,1
108,1,13,1,4,2
27,2,0,2,13,1
816,66,216,66,99,1
1298,0,37,14,42,4
10,0,17,29,29,1
87,13,10,6,10,1
57,2,4,2,23,3
635,15,20,7,131,1
43,12,29,15,61,1
964,34,15,0,11,2
572,8,34,35,80,1
341,142,259,151,66,3
63,6,13,13,22,4
221,104,102,78,84,3
140,3,4,5,14,2
1,2,4,3,13,2
291,10,84,10,0,1
544,13,8,6,29,3
684,100,21,66,0,1
1,12,0,14,7,1
35,0,0,0,10,1
87,3,3,2,13,2
309,3,4,3,20,2
172,73,95,78,34,2
625,38,50,34,76,2
972,59,25,19,59,1
157,6,6,13,75,5
48,9,3,15,20,4
279,83,32,14,34,1
132,0,0,0,4,5
919,0,99,30,45,1
62,0,3,1,26,2
1,45,4,6,42,3
2,6,3,1,9,1
408,61,48,122,41,1
51,1,2,1,25,2
62,1,3,2,6,4
952,12,47,12,12,2
618,15,20,7,45,1
11,7,2,2,27,2
318,3,4,7,56,5
56,0,0,0,2,3
110,5,7,1,7,5
23,0,2,1,3,1
27,5,8,3,12,3
18,3,3,3,6,2
18,0,0,1,11,1
303,0,60,147,15,4
97,1,2,0,11,1
997,15,99,30,76,1
5,4,8,0,4,1
95,11,0,4,7,4
1,6,3,6,3,1
46,1,3,0,9,2
411,106,54,115,66,1
244,51,101,0,45,1
152,9,12,12,45,4
1,1,1,1,1,15
10,17,8,26,40,4
12,0,0,0,4,1
5,0,0,0,1,1
790,19,12,0,19,3
882,29,38,29,44,1
615,28,12,48,30,4
1004,59,115,59,27,2
133,27,13,195,71,2
595,23,10,23,154,2
293,0,4,11,23,4
313,15,20,0,192,2
151,81,168,91,64,2
15,0,0,0,6,1
736,63,219,189,126,1
15,0,4,2,20,2
982,17,23,34,51,1
1142,51,90,69,37,1
28,0,0,0,9,3
46,0,0,2,23,2
897,161,186,161,27,0
489,6,8,6,132,10
25,4,6,8,32,3
145,1,2,1,1,1
630,26,44,18,54,1
760,38,50,9,38,2
420,15,151,38,15,3
125,17,3,19,30,4
464,5,7,0,70,8
6,6,12,15,8,3
1090,12,16,12,60,4
3,2,2,2,10,1
24,0,8,30,10,2
737,21,55,63,210,0
254,6,4,0,27,5
817,185,145,55,241,1
620,54,99,98,119,2
13,4,0,0,1,2
113,61,34,26,47,2
7,23,133,49,144,2
16,2,2,1,5,1
462,0,6,0,4,2
22,2,6,4,34,2
968,147,137,42,210,1
283,112,51,72,125,2
1,2,6,0,3,1
14,1,2,1,1,1
30,5,6,3,8,2
4,0,0,1,5,1
52,0,0,0,1,2
62,1,19,11,48,2
20,2,3,0,10,1
545,7,37,21,78,5
558,79,207,175,95,1
6,5,13,4,25,4
39,1,2,0,8,0
1111,24,160,45,172,0
4,6,6,3,10,1
183,5,3,5,49,5
546,72,94,145,72,1
606,7,10,0,54,5
266,6,8,6,64,6
1142,29,38,29,14,1
1074,0,0,0,46,1
771,51,54,10,154,7
371,32,0,58,6,2
556,14,210,0,43,1
202,5,11,5,14,3
209,162,41,162,37,5
35,40,36,40,12,3
37,0,0,0,3,3
171,45,59,10,90,4
12,2,3,2,5,1
44,4,6,0,27,2
20,2,4,6,20,1
779,86,34,69,138,1
170,6,24,12,88,3
491,48,112,105,134,2
173,8,7,2,176,4
7,10,16,0,4,2
1205,0,19,14,205,6
10,7,6,3,7,1
97,4,6,1,18,1
67,11,4,3,262,0
345,53,98,75,97,1
6,5,3,24,46,2
73,57,71,15,0,5
711,36,172,96,168,3
774,70,182,187,93,1
163,0,0,126,75,1
82,33,71,30,41,2
358,108,141,97,32,1
66,2,4,3,14,1
13,6,0,3,3,1
139,13,20,13,36,3
274,0,4,6,15,1
262,6,0,10,102,3
1099,0,0,0,34,11
32,0,23,4,18,1
2,4,0,11,5,1
6,10,19,14,42,2
6,7,3,4,6,1
135,46,65,61,11,2
641,7,0,30,38,3
714,76,116,0,12,1
794,73,0,29,14,1
420,0,182,64,140,1
1,2,4,3,11,1
86,12,33,15,6,1
823,25,124,29,95,1
231,161,171,30,53,2
8,15,0,20,33,2
182,17,77,70,29,1
557,129,193,37,18,1
79,1,4,4,12,3
368,24,38,0,88,6
6,4,8,8,22,2
160,15,15,11,50,8
488,21,56,108,28,1
691,7,0,7,23,4
543,10,160,143,82,1
254,7,20,0,26,3
5,4,2,2,7,1
112,19,16,14,5,3
134,11,15,2,30,1
143,6,11,8,17,2
51,4,4,7,1,2
27,0,0,0,3,2
459,0,6,0,4,6
689,8,11,8,88,5
283,10,0,13,27,4
347,0,4,3,7,6
5,13,0,5,31,2
280,0,0,0,24,3
95,14,2,9,38,1
84,10,11,10,28,4
18,3,3,0,4,1
992,24,51,19,119,0
9,1,0,3,2,2
19,1,2,0,2,1
709,93,104,80,80,1
158,0,13,7,71,6
10,14,4,2,36,3
25,1,0,0,3,1
8,4,15,4,29,2
14,0,0,0,0,2
622,7,30,0,15,2
11,0,0,0,1,1
25,3,8,5,2,2
635,15,20,7,131,1
100,64,65,0,109,2
201,2,3,5,35,4
642,14,0,7,57,1
97,1,6,2,41,2
204,5,17,0,89,3
513,7,46,14,14,6
88,3,4,1,29,4
172,12,8,0,15,4
329,35,130,35,43,2
296,13,11,13,17,3
100,2,2,1,31,4
422,7,69,46,15,1
1218,16,104,0,80,2
5,1,2,1,4,1
507,93,242,40,26,1
52,12,4,36,55,3
191,56,51,8,100,4
2,23,8,6,46,1
68,28,16,30,41,1
20,4,6,4,17,2
20,3,0,4,1,3
7,0,0,0,0,1
279,172,38,8,246,1
977,12,16,12,101,4
30,1,0,0,3,1
6,1,23,4,19,1
3,18,11,8,12,3
14,0,0,0,7,1
10,1,0,0,1,1
7,10,8,6,13,2
33,87,175,16,74,1
12,0,2,0,10,1
2,3,11,2,10,1
693,21,110,147,42,1
9,3,2,3,2,2
129,26,3,67,2,5
16,2,3,0,16,2
201,2,3,5,35,4
5,4,4,2,10,1
14,36,3,26,35,1
29,12,19,1,36,2
26,2,10,5,8,3
9,1,3,2,3,1
14,0,4,5,19,3
972,19,180,26,138,3
966,168,246,105,126,1
99,27,28,48,6,1
482,35,72,160,17,1
714,8,11,0,47,4
587,54,71,54,130,1
399,27,58,8,39,4
56,10,19,7,25,3
227,151,98,54,31,1
703,102,0,58,43,1
37,0,0,0,3,1
167,13,86,13,70,2
458,81,106,50,40,1
91,3,2,1,31,3
15,8,11,5,22,4
1302,68,89,114,45,0
153,64,116,64,14,2
508,5,7,5,10,4
290,59,77,5,29,7
38,0,0,0,6,1
2,13,7,5,11,3
30,0,2,0,5,1
386,23,54,41,196,4
443,10,0,10,48,4
901,31,75,31,191,1
9,0,0,0,1,1
846,84,91,56,42,4
8,3,19,4,22,3
72,7,13,1,24,4
29,0,0,1,5,1
169,24,188,0,144,1
460,35,33,12,153,2
69,8,12,7,12,2
556,14,210,0,43,1
73,0,0,1,0,1
112,1,7,7,36,1
944,0,0,0,30,2
265,199,234,9,170,7
526,28,10,21,99,3
2,3,3,5,7,1
2,4,10,5,16,2
378,97,197,194,34,2
553,25,65,67,8,3
751,127,20,15,31,1
406,0,0,0,8,7
1449,89,69,35,107,2
123,17,39,0,30,5
267,42,55,42,21,10
209,0,3,2,15,4
1259,172,97,148,33,1
344,35,15,23,17,7
22,3,0,5,15,2
247,161,210,85,47,2
38,0,3,1,1,1
896,10,13,10,34,6
931,56,91,98,14,4
758,12,33,89,89,1
216,9,20,9,125,7
2,3,11,2,10,1
244,15,4,15,50,6
539,6,8,6,97,13
1181,26,17,13,39,2
750,8,11,8,26,1
306,5,21,109,92,9
350,104,197,151,57,6
331,197,58,152,35,1
620,16,0,24,82,5
434,137,45,137,45,1
57,0,0,0,36,4
811,76,99,137,107,3
423,42,73,197,197,1
2,12,6,13,30,1
60,51,6,20,51,2
675,0,10,7,77,5
30,8,8,8,12,1
40,1,4,3,18,1
3,17,20,1,39,2
910,111,49,74,55,1
252,98,219,70,196,1
34,6,11,4,8,1
19,3,3,1,3,2
2,1,0,0,1,0
490,0,10,28,21,12
332,194,149,125,57,0
53,8,13,0,21,3
784,48,42,176,48,1
7,11,10,4,20,2
1171,43,19,14,47,4
215,7,3,0,13,6
674,62,0,26,8,4
57,0,0,0,36,4
5,36,0,10,45,2
104,20,24,15,5,6
9,0,2,0,4,1
431,82,80,20,102,1
1000,0,0,0,10,3
448,40,80,0,91,3
33,4,4,2,5,2
505,72,36,27,54,4
267,38,149,165,63,1
14,0,0,0,1,1
631,0,10,7,30,3
65,4,0,4,11,1
10,12,25,1,20,1
51,4,12,1,49,1
293,35,46,59,65,2
11,1,2,1,6,1
50,1,6,7,1,1
173,26,35,71,81,1
423,184,13,97,21,1
292,30,63,33,200,1
757,80,29,80,11,5
12,1,0,1,5,2
167,2,6,2,19,7
3,1,8,0,5,1
30,5,8,9,28,4
532,88,69,44,133,3
29,12,19,1,36,2
411,0,0,0,21,6
5,3,4,1,0,1
71,99,185,121,38,1
46,0,3,0,3,2
268,11,15,3,22,2
928,63,0,12,12,4
459,15,142,23,31,2
483,0,0,6,36,5
733,9,12,19,66,11
1006,22,59,68,45,1
34,1,0,0,5,3
1156,120,94,144,96,1
7,4,7,0,11,1
244,15,4,15,50,6
233,0,0,0,12,4
35,3,10,8,24,1
1252,0,46,35,0,1
34,4,3,10,20,1
255,43,37,14,24,1
8,1,0,0,1,1
368,32,13,43,10,1
255,47,52,32,15,1
33,8,2,10,3,2
163,23,27,65,76,1
15,0,4,2,20,2
45,12,25,22,13,4
48,58,16,66,43,1
158,6,8,2,2,7
754,160,63,32,48,1
108,1,13,1,4,2
199,66,97,174,41,1
2,7,2,15,27,1
202,5,11,5,14,3
85,0,0,0,7,1
322,3,4,3,42,5
18,2,0,2,6,5
141,8,3,11,47,3
739,107,140,80,35,1
18,0,3,3,5,1
378,0,19,4,73,4
1083,108,253,151,108,1
1016,12,16,12,63,1
23,1,0,0,2,2
12,1,2,2,3,2
35,0,0,0,0,1
548,31,0,112,28,4
342,32,34,32,40,5
365,3,4,3,11,5
397,19,12,0,9,1
456,19,75,118,38,1
5,6,11,7,13,1
836,185,24,25,77,1
100,2,23,7,10,4
10,0,3,1,7,2
238,115,169,69,76,3
6,0,2,1,2,1
158,11,15,11,17,2
86,12,33,15,6,1
856,0,12,9,199,7
98,1,0,1,5,1
4,16,0,17,20,3
398,96,220,96,32,1
313,8,6,4,126,9
109,18,24,26,18,4
216,2,0,0,9,2
595,71,120,112,41,6
123,133,71,44,88,1
16,0,3,2,10,3
11,12,3,5,12,1
410,112,0,82,71,1
159,2,6,2,24,3
105,0,0,1,0,2
5,1,0,0,1,1
269,15,15,19,38,2
629,0,0,0,35,6
443,5,21,16,82,2
217,77,111,23,93,1
24,1,2,0,4,2
9,1,4,5,7,1
8,0,2,3,7,1
1459,0,0,15,215,5
230,48,13,32,75,8
1,3,10,0,9,1
340,21,258,14,56,1
7,1,0,3,3,1
298,7,4,0,19,2
479,35,28,7,85,1
267,140,34,12,127,1
67,4,17,2,16,3
3,1,23,2,18,3
980,37,35,163,31,1
50,4,6,3,26,3
1,0,2,1,1,0
19,0,0,0,8,2
30,5,4,1,4,1
213,9,4,3,30,3
539,30,80,46,38,1
284,16,84,16,134,6
1003,34,134,51,34,1
239,13,45,4,52,9
51,23,33,0,42,4
527,24,32,24,65,2
19,5,10,3,19,3
40,2,8,0,6,1
21,8,15,3,9,1
593,30,29,22,7,1
21,5,10,1,7,3
1181,107,39,30,30,2
1004,59,115,59,27,2
202,2,3,2,10,2
446,107,33,196,53,1
1184,102,52,40,40,1
390,22,104,35,107,1
726,53,123,107,161,4
8,8,24,11,9,1
50,15,39,15,15,4
1,1,11,9,10,1
308,0,0,0,23,2
22,2,7,4,5,1
690,117,76,102,88,1
43,5,7,6,33,4
27,0,0,0,4,4
6,0,0,0,1,1
205,7,3,2,46,2
24,0,0,1,4,1
667,50,21,83,83,1
691,7,10,0,46,4
493,26,116,80,80,4
493,70,146,40,84,1
494,5,7,0,100,3
621,73,78,48,85,1
9,0,0,0,7,1
1,6,8,2,12,1
12,4,12,6,14,1
243,131,85,6,26,2
11,1,2,0,7,1
532,21,26,20,20,0
29,0,0,0,1,1
612,91,258,107,107,2
387,126,0,45,180,5
56,0,0,0,2,3
6,8,16,4,4,3
582,0,0,0,13,6
6,17,6,16,42,4
70,6,2,3,3,3
962,12,16,24,12,4
112,10,30,0,20,2
293,0,179,97,52,1
199,12,3,12,7,1
1060,61,80,20,101,1
940,44,0,88,58,1
44,2,2,3,7,1
342,51,207,35,26,1
2,10,12,9,20,2
75,12,43,39,187,6
520,20,39,81,40,2
5,3,6,2,6,2
87,5,7,12,29,5
462,61,10,53,107,4
2,2,3,1,2,1
979,44,29,25,22,1
704,129,120,74,111,1
861,31,62,95,79,0
172,3,16,0,18,5
5,7,15,4,7,3
194,2,0,0,0,5
9,7,3,2,20,1
505,72,36,27,54,4
533,10,198,174,195,2
48,0,0,0,6,2
6,1,23,4,19,1
18,2,0,0,25,1
482,147,104,107,107,1
204,97,21,118,26,1
1073,0,153,14,14,4
245,16,21,43,16,2
560,21,29,44,29,1
173,13,32,3,6,4
22,1,0,5,3,1
136,1,0,3,32,2
275,0,10,23,66,5
56,19,2,14,25,1
303,23,82,26,191,1
708,7,0,0,15,2
324,132,27,118,88,1
1,5,7,4,8,1
620,26,34,17,141,1
312,21,102,92,149,3
1493,86,112,43,43,2
918,21,13,10,21,3
98,0,49,10,106,5
3,4,15,8,11,1
380,0,6,0,34,4
15,0,7,3,7,3
3,9,7,8,7,4
24,2,0,8,24,3
80,1,4,6,16,2
31,0,2,1,5,2
138,120,16,126,60,3
166,75,119,107,59,3
12,3,8,0,17,2
178,3,71,66,58,2
707,20,65,60,50,1
5,1,17,14,11,2
465,71,93,35,62,3
16,1,0,0,1,1
358,108,141,97,32,1
1,9,2,14,10,1
123,1,2,0,72,2
40,3,10,7,11,3
102,9,2,9,24,1
347,44,17,0,26,1
376,53,168,53,53,1
21,0,0,0,0,1
194,2,0,0,0,5
64,4,7,5,17,4
206,0,3,2,12,2
71,0,0,0,13,1
71,22,138,89,29,1
0,4,11,10,15,2
93,1,0,4,25,3
920,138,36,46,30,1
653,17,34,26,17,2
199,33,8,3,15,5
153,4,0,9,31,4
376,0,11,8,69,5
46,0,12,1,30,1
600,21,223,150,128,13
425,115,23,35,79,1
18,6,12,8,17,3
52,0,0,0,1,2
734,22,151,25,100,1
34,6,11,4,8,1
135,1,10,1,67,5
11,0,0,2,20,1
163,48,0,45,52,1
29,3,3,2,9,2
734,26,11,44,17,2
340,21,258,14,56,1
453,38,188,38,183,2
1073,0,145,37,37,1
135,0,0,4,36,2
231,7,4,15,39,9
18,0,0,0,11,2
620,16,0,24,82,5
81,4,5,2,291,0
12,4,10,6,10,4
292,51,224,23,17,1
965,34,89,86,37,1
27,2,0,0,1,2
777,30,0,51,122,6
572,8,23,62,17,1
438,169,91,169,70,1
531,69,150,138,150,3
17,0,0,0,1,1
402,35,101,77,42,2
503,27,90,139,153,1
369,9,12,14,34,3
5,0,0,0,1,1
362,17,80,35,61,3
56,0,0,0,3,2
79,1,4,4,12,3
387,84,73,35,162,3
367,17,104,188,232,2
15,0,0,2,9,1
267,6,8,3,50,2
298,27,216,24,166,1
674,92,39,0,92,1
16,14,37,22,48,3
37,4,16,9,9,2
159,0,2,1,31,3
686,17,23,26,35,8
97,3,12,7,34,3
63,6,13,13,22,4
56,5,4,0,3,3
209,19,160,142,66,1
198,2,0,12,20,3
313,15,20,0,192,2
941,14,76,58,176,11
86,4,2,4,7,3
167,48,63,72,72,1
8,3,0,2,3,2
389,66,37,57,85,1
239,7,4,15,11,5
179,21,0,21,63,1
5,0,1,1,1,15
2,6,13,4,16,1
383,0,6,4,40,3
2,8,6,1,9,2
536,27,38,107,67,1
2,1,3,1,2,1
322,53,34,40,53,1
539,169,20,0,30,1
712,50,65,38,38,1
1121,0,0,12,12,4
68,1,3,5,13,1
36,4,6,2,18,1
707,44,95,58,29,1
174,77,6,24,97,2
666,35,69,8,26,1
0,0,6,2,6,1
162,50,55,30,27,1
407,70,103,88,53,1
823,25,124,29,95,1
488,23,15,0,59,11
28,0,4,2,8,3
3,2,3,0,2,1
284,0,8,3,20,4
938,142,159,81,183,1
13,2,2,2,8,2
412,172,150,105,57,2
31,1,0,0,8,2
502,19,0,6,26,6
18,10,3,5,0,1
1,8,4,8,16,1
100,71,108,94,219,3
407,114,181,165,203,1
664,9,50,19,57,2
1045,61,60,46,46,3
1218,107,23,143,33,1
15,0,0,1,12,2
128,0,0,1,4,2
581,49,43,8,108,1
6,3,6,1,0,1
185,8,56,56,12,2
22,1,0,0,14,1
584,100,65,83,35,1
355,30,90,138,30,4
175,10,54,6,27,2
864,134,150,38,172,1
957,153,99,95,153,1
25,6,20,0,5,2
641,7,0,0,28,8
273,86,177,14,43,1
122,21,25,10,15,2
1,4,29,0,36,1
1020,31,62,63,79,1
6,2,1,262,3,0
378,14,19,14,14,2
42,1,3,0,4,2
15,5,0,4,11,1
272,7,20,7,11,1
9,1,2,1,2,3
279,0,0,0,9,2
398,61,138,61,53,1
637,47,12,19,76,4
45,0,2,1,6,1
21,1,7,3,5,1
15,4,0,0,19,1
493,183,184,23,28,0
957,40,158,53,107,2
829,138,60,92,15,1
1017,50,65,50,133,3
953,0,0,0,174,6
159,0,0,0,137,7
32,0,23,4,18,1
23,0,0,2,7,2
18,42,15,20,18,1
15,0,0,0,2,1
23,4,10,5,23,1
200,193,46,185,185,2
1324,27,71,108,27,0
1193,33,129,66,33,1
505,137,104,22,22,3
2,4,0,4,5,1
1103,0,0,0,34,3
353,61,40,46,27,1
652,48,94,84,108,1
379,6,25,91,91,5
46,4,2,2,1,1
162,31,8,17,69,2
8,3,3,3,8,3
17,3,3,4,18,2
340,108,130,38,100,2
8,4,3,5,3,2
154,22,39,30,8,5
710,15,20,0,0,3
8,2,0,0,1,1
2,2,13,13,4,1
1050,14,0,14,112,1
19,1,3,2,4,1
22,0,6,2,6,1
274,83,151,141,224,1
68,6,3,6,41,2
344,45,104,11,114,2
145,193,205,26,145,2
217,38,111,85,15,1
18,7,10,2,3,3
69,8,12,7,12,2
144,0,0,0,6,1
256,34,90,29,49,2
483,72,94,12,108,1
1285,105,28,21,0,1
338,4,11,8,13,1
605,10,84,54,32,1
8,0,3,1,1,1
172,41,45,6,27,5
448,71,40,17,17,1
67,4,17,2,16,3
512,53,81,179,89,3
1462,16,0,0,160,1
20,0,7,3,1,3
50,4,10,10,43,3
102,1,2,0,24,1
499,149,173,49,49,1
381,35,56,86,93,2
631,43,128,76,21,2
526,80,123,94,53,1
913,26,17,26,13,1
673,0,37,47,26,2
23,0,0,0,12,1
199,33,8,3,15,5
261,23,4,23,50,2
111,16,7,9,18,3
16,4,2,4,321,0
63,151,153,19,53,2
58,0,2,0,10,4
29,1,0,3,13,1
3,2,0,1,9,1
28,34,11,14,44,3
40,3,10,7,11,3
879,143,106,143,143,0
62,1,6,5,22,1
280,7,20,0,27,8
9,0,3,1,3,1
182,4,0,2,42,6
83,2,64,26,117,1
38,15,3,8,29,3
228,19,4,11,51,2
1092,37,145,37,55,1
85,15,13,13,21,2
1276,24,94,29,48,0
1017,33,108,100,16,1
6,2,2,1,5,2
448,21,52,101,62,0
504,23,179,28,44,1
226,22,41,31,31,3
239,3,0,7,23,4
90,38,33,36,67,1
7,2,3,2,3,1
4,2,2,0,0,1
16,17,20,21,22,3
10,3,0,0,0,1
68,0,0,0,8,3
35,0,2,0,2,2
575,80,208,93,80,3
315,0,4,0,91,4
182,2,17,13,20,1
561,14,10,14,35,3
587,51,180,34,86,1
94,1,13,12,12,3
908,43,40,194,21,1
228,122,208,129,30,6
995,112,42,48,41,1
11,1,2,1,6,1
3,3,15,21,10,1
12,1,4,1,3,3
17,0,0,0,2,2
8,0,0,3,6,1
22,4,12,10,13,3
14,10,4,7,15,1
106,27,52,7,5,6
820,57,45,0,11,2
753,43,69,10,204,2
13,3,7,3,3,2
9,1,0,4,8,1
19,3,4,2,12,1
520,8,32,49,42,4
5,17,13,14,34,4
618,44,0,17,36,2
315,35,46,7,143,3
15,1,0,5,1,3
384,60,119,101,232,4
110,29,28,10,145,1
208,17,36,17,38,2
555,82,93,61,61,4
240,90,63,6,24,4
11,0,15,5,12,1
848,154,201,61,78,1
202,47,55,42,149,1
433,89,16,102,102,10
6,6,10,5,2,2
37,0,3,0,3,1
167,37,49,34,116,8
45,7,4,25,43,3
129,0,0,1,7,1
713,0,120,80,34,1
676,161,210,44,58,2
450,26,73,98,26,1
22,2,0,2,5,1
367,4,6,4,95,6
526,35,69,53,35,2
51,0,0,0,4,2
25,0,3,0,15,1
28,6,12,17,39,1
958,159,20,0,31,3
532,88,69,44,133,3
724,17,0,8,196,2
39,0,20,8,14,3
587,54,71,54,130,1
29,1,0,0,0,2
757,80,29,80,11,5
544,35,23,151,107,2
40,15,17,6,7,1
1245,33,21,33,16,2
19,1,16,14,28,2
16,3,2,1,11,1
376,4,12,9,24,3
184,178,103,39,33,1
15,0,0,2,9,1
124,83,85,59,35,2
627,120,121,80,93,1
180,60,13,54,54,2
14,0,0,0,8,1
3,3,34,7,31,1
8,26,38,9,49,2
293,6,13,6,92,4
758,12,33,89,89,1
656,38,62,47,37,3
196,25,67,17,49,1
835,73,114,73,43,1
16,11,2,0,12,2
9,1,2,1,4,1
229,7,10,3,11,7
0,1,15,1,5,1
121,24,24,15,42,1
471,102,212,61,245,1
520,8,32,49,42,4
26,1,2,0,1,1
240,132,250,192,108,1
178,4,8,4,44,5
1486,55,49,0,185,2
1115,12,33,12,76,1
29,0,2,0,6,1
529,0,63,28,0,3
13,3,7,4,16,2
934,24,16,24,36,2
2,7,16,12,27,1
4,12,3,16,17,2
62,1,6,5,22,1
158,35,0,0,125,2
173,2,3,2,47,3
830,59,51,79,19,1
189,10,56,43,64,6
728,17,11,8,124,1
7,2,2,0,2,2
35,4,7,6,64,1
188,3,20,3,43,5
742,28,25,9,57,2
0,7,26,2,17,2
750,71,13,10,20,2
816,42,55,56,154,1
5,2,2,2,9,1
37,5,12,8,5,2
4,0,0,0,5,1
99,2,4,0,16,3
176,72,136,21,229,4
54,0,0,0,2,2
997,15,99,30,76,1
356,0,19,9,117,2
1311,0,46,89,17,1
890,63,0,25,12,4
4,0,0,0,2,1
17,0,7,3,2,1
960,0,50,38,0,1
2,1,1,1,1,0
1,3,20,30,47,3
240,67,199,0,163,3
301,11,4,7,11,1
154,0,6,11,37,5
2,3,4,1,9,1
104,12,4,12,5,1
70,3,4,2,64,4
2,0,3,6,2,1
23,2,3,1,4,2
43,4,8,0,27,5
4,24,16,1,25,1
654,7,0,15,30,7
912,72,47,36,97,1
25,0,0,1,4,1
24,4,0,2,9,4
141,11,15,14,5,4
71,0,3,1,0,2
35,1,0,1,1,2
496,32,229,48,128,2
9,9,13,10,16,4
154,0,6,11,37,5
9,1,4,5,7,1
26,3,4,7,3,2
77,8,10,10,25,5
11,2,4,2,2,1
576,7,19,7,7,2
89,15,34,42,5,1
1013,30,60,46,153,3
224,12,4,12,12,1
200,19,50,15,19,6
570,73,133,102,73,1
1,3,8,1,13,2
62,1,4,0,7,2
531,69,150,138,150,3
162,28,0,28,56,0
675,144,94,192,241,1
23,4,0,2,15,1
492,5,13,5,21,1
918,10,13,0,129,1
224,155,192,93,54,2
572,19,50,38,248,3
626,0,0,7,28,2
1074,37,193,92,129,1
741,68,224,68,103,1
322,3,4,3,42,5
254,10,30,10,227,2
116,6,6,6,41,2
22,2,0,2,12,3
516,0,0,0,5,4
14,36,3,26,35,1
2,8,12,14,23,3
28,0,3,0,0,1
530,142,62,9,56,4
519,50,130,0,41,1
611,76,59,45,26,1
240,67,199,0,163,3
4,9,11,2,8,2
671,47,145,111,15,1
23,1,0,4,24,1
9,1,3,2,0,1
556,54,202,133,63,1
833,80,52,26,174,2
12,0,4,2,4,4
56,7,10,2,18,1
293,8,11,4,106,2
297,0,13,0,152,7
39,1,2,0,3,4
5,11,21,8,45,2
266,21,65,8,44,4
322,3,4,3,42,5
366,124,71,78,54,2
32,0,23,4,18,1
158,0,0,0,18,6
269,129,182,43,29,4
41,0,0,0,3,4
3,3,15,4,15,1
33,0,0,0,15,2
302,29,32,0,27,6
519,71,93,27,53,1
23,2,2,1,0,2
594,51,72,55,32,1
12,4,1,3,5,0
4,2,0,0,5,1
18,3,3,3,6,2
332,194,149,125,57,0
5,1,0,0,1,1
171,3,26,24,62,4
270,31,11,48,22,3
712,26,69,13,80,1
2,8,3,8,21,4
21,12,0,3,3,3
580,6,8,0,27,3
368,24,38,0,88,6
457,5,15,17,53,8
229,7,4,0,91,5
3,2,20,0,17,2
24,3,7,1,23,3
853,10,13,10,20,2
5,1,3,4,3,1
3,3,6,2,9,1
709,43,42,118,247,2
406,0,0,0,8,7
908,48,32,12,24,1
428,30,80,30,61,2
84,3,2,1,21,3